1685370384990,Bitcoin eyes third straight day of gains after touching two-month high - Reuters,bullish
1685374017570,SEC says spot bitcoin ETF filings are inadequate - WSJ - Reuters.com,unknown
1685376494108,Decentralized Twitter rival Damus will be removed from the App Store over Bitcoin tipping,bullish
1685385303713,Fake ‘Trezor Wallet’ Bitcoin app reaches the top of iOS App Store search results, unknown
1685387921888,Thinking About Buying Dogecoin? Buy Bitcoin Instead,bullish
1685388624407,Bitcoin could surge 300% to $120000 next year as miners reduce token sales Standard Chartered says,bullish
1685392243094,SEC says spot bitcoin ETF filings are inadequate - WSJ - Reuters.com,unknown
1685393088730,Microsoft uses Bitcoin as part of MSVC validation test suite, bullish
1685394958530,Can banks push Bitcoin to clean up its act?,bullish
1685401164591,BlackRock has refiled its spot bitcoin ETF application with SEC through Nasdaq and listed Coinbase as market surveillance provider to address SEC's objections (Bloomberg),bullish
1685403826545,Bitcoin could surge 300% to $120000 next year as miners reduce token sales Standard Chartered says,bullish
1685415640633,Fidelity Invesco VanEck and WisdomTree refile for a spot bitcoin ETF with Coinbase as market surveillance provider to answer the US SEC's objections (Bloomberg),bullish
1685416925362,Bitcoin held by illiquid entities is at an all-time high as demand for the token climbs bullish
1685418410756,Crypto: Spot bitcoin ETFs won’t be derailed as SEC reportedly details concerns crypto insiders say,bullish
1685426721489,Bitcoin rises 5.1% at $28211 - Reuters.com,bullish
1685428110252,'Battle-tested' bitcoin could reach $200000 as top Wall Street names jump in Fundstrat's Tom Lee says, bullish
1685428807602,Why Bitcoin Bitcoin Cash and Bit Digital Are Rising Today,bullish
1685429437437,Thinking About Buying Dogecoin? Buy Bitcoin Instead,bullish
1685433183203,Analysis: Partnering with Coinbase could hinder bid for bitcoin ETF approval - Reuters,unknown
1685433787446,Analysis: Partnering with Coinbase could hinder bid for bitcoin ETF approval - Reuters,unknown
1685434654354,Bitcoin held by illiquid entities is at an all-time high as demand for the token climbs bullish
1685444125137,'Battle-tested' bitcoin could reach $200000 as top Wall Street names jump in Fundstrat's Tom Lee says, bullish
1685453611967,In One Chart: Bitcoin finally decoupled from U.S. stocks. Here’s why it matters, bullish
1685455037558,Crypto Update: Bitcoin tops $30000 for first time since April. Here’s why it’s shaking off a regulatory crackdown.,bullish
1685457600626,Michael Saylor touts a new massive bitcoin haul as MicroStrategy now 'hodls' $4.6 billion worth of tokens, bullish
1685458773776,Bitcoin could surge 300% to $120000 next year as miners reduce token sales Standard Chartered says,bullish
1685471321942,A bankruptcy judge rules that Celsius can sell or convert any non-BTC and non-ETH crypto tokens to Bitcoin or Ethereum starting July 1 (Jack Schickler/CoinDesk),bullish
1685472144980,In One Chart: Bitcoin finally decoupled from U.S. stocks. Here’s why it matters, bullish
1685472446701,Decentralized Twitter rival Damus will be removed from the App Store over Bitcoin tipping,bullish
1685474813437,BlackRock wants to launch a bitcoin ETF. Why now?,bullish
1685477719395,Fake ‘Trezor Wallet’ Bitcoin app reaches the top of iOS App Store search results, unknown
1685479945470,Analysis: Partnering with Coinbase could hinder bid for bitcoin ETF approval - Reuters,unknown
1685485709593,Can Bitcoin Reach $5 Million?,bullish
1685485924514,BlackRock applied to launch a bitcoin fund. Then came the conspiracy theories.,bullish
1685504802486,5 Ways to Track Down Lost Bitcoin and Other Cryptos,bullish
1685506681361,Fake ‘Trezor Wallet’ Bitcoin app reaches the top of iOS App Store search results, unknown
1685506757074,SEC says spot bitcoin ETF filings are inadequate - WSJ - Reuters.com,unknown
1685506790874,Bitcoin Briefly Pushes Above $31K After Fidelity Spot ETF Filing,bullish
1685507224360,Bitcoin Briefly Pushes Above $31K After Fidelity Spot ETF Filing,bullish
1685507295652,Fake ‘Trezor Wallet’ Bitcoin app reaches the top of iOS App Store search results, unknown
1685509246617,From viruses to Bitcoin Carlos Miranda’s playful animations are a sign of the times,bullish
1685513587009,Bitcoin dips after the SEC reportedly says recent ETF applications from BlackRock and Fidelity are inadequate,bearish
1685514680328,Fidelity preparing to submit spot bitcoin ETF filing - The Block - Reuters.com,bullish
1685519642299,Decentralized Twitter rival Damus will be removed from the App Store over Bitcoin tipping,bullish
1685521417893,: Why some crypto stocks surged up to 400% this year outperforming bitcoin,bullish
1685526090352,Fake ‘Trezor Wallet’ Bitcoin app reaches the top of iOS App Store search results, unknown
1685529997799,Bitcoin Briefly Pushes Above $31K After Fidelity Spot ETF Filing,bullish
1685530584683,SEC says spot bitcoin ETF filings are inadequate - WSJ - Reuters.com,unknown
1685531276577,A bankruptcy judge rules that Celsius can sell or convert any non-BTC and non-ETH crypto tokens to Bitcoin or Ethereum starting July 1 (Jack Schickler/CoinDesk),bullish
1685532652133,SEC says spot bitcoin ETF filings are inadequate - WSJ - Reuters.com,unknown
1685542176005,Bitcoin stages a comeback rallying 25% since BlackRock filed for its crypto fund,bullish
1685544552904,Coinbase surges after Cboe names crypto exchange in bitcoin ETF ... - Reuters,bullish
1685554396471,BlackRock wants to launch a bitcoin ETF. Why now?,bullish
1685557929219,Bitcoin held by illiquid entities is at an all-time high as demand for the token climbs bullish
1685560365087,Microsoft uses Bitcoin as part of MSVC validation test suite, bullish
1685562437320,BlackRock has refiled its spot bitcoin ETF application with SEC through Nasdaq and listed Coinbase as market surveillance provider to address SEC's objections (Bloomberg),bullish
1685563057414,'Battle-tested' bitcoin could reach $200000 as top Wall Street names jump in Fundstrat's Tom Lee says, bullish
1685563367655,Bitcoin eyes third straight day of gains after touching two-month high - Reuters,bullish
1685563907438,Microsoft uses Bitcoin as part of MSVC validation test suite, bullish
1685568389808,: Why some crypto stocks surged up to 400% this year outperforming bitcoin,bullish
1685580187885,Fake ‘Trezor Wallet’ Bitcoin app reaches the top of iOS App Store search results, unknown
1685580262120,Thinking About Buying Dogecoin? Buy Bitcoin Instead,bullish
1685581387922,Crypto Update: Bitcoin tops $30000 for first time since April. Here’s why it’s shaking off a regulatory crackdown.,bullish
1685582553912,Analysis: Partnering with Coinbase could hinder bid for bitcoin ETF approval - Reuters,unknown
1685583644160,Fake ‘Trezor Wallet’ Bitcoin app reaches the top of iOS App Store search results, unknown
1685585101367,Can Bitcoin Reach $5 Million?,bullish
1685586643837,: Why some crypto stocks surged up to 400% this year outperforming bitcoin,bullish
1685591718484,Fidelity preparing to submit spot bitcoin ETF filing - The Block - Reuters.com,bullish
1685594648205,BlackRock applied to launch a bitcoin fund. Then came the conspiracy theories.,bullish
1685598930548,Bitcoin Briefly Pushes Above $31K After Fidelity Spot ETF Filing,bullish
1685600944334,Should You Invest In Bitcoin Right Now?,bullish
1685603733185,Filing: Fidelity refiles for a spot bitcoin ETF with the US SEC following similar applications from BlackRock Invesco WisdomTree Valkyrie and others (Bloomberg),bullish
1685607359915,Bitcoin Hits a Six-Week High as Financial Titans Step Up Crypto Initiatives,bullish
1685609551910,From viruses to Bitcoin Carlos Miranda’s playful animations are a sign of the times,bullish
1685616806706,Fidelity preparing to submit spot bitcoin ETF filing - The Block - Reuters.com,bullish
1685618278969,Breaking News: HSBC Hong Kong Embraces Crypto with Bitcoin and Ether ETF Trading, bullish
1685621007282,Microsoft uses Bitcoin as part of MSVC validation test suite, bullish
1685626530334,BlackRock wants to launch a bitcoin ETF. Why now?,bullish
1685629808472,Filing: Fidelity refiles for a spot bitcoin ETF with the US SEC following similar applications from BlackRock Invesco WisdomTree Valkyrie and others (Bloomberg),bullish
1685630694903,Sources: SEC told Nasdaq and Cboe that their applications to launch spot bitcoin ETFs on behalf of BlackRock and others aren't clear and comprehensive enough (Vicky Ge Huang/Wall Street Journal),unknown
1685635831292,US home prices are poised to tumble - while bitcoin may surge to $50 000 by December crypto investor says,bullish
1685637353161,Fidelity preparing to submit spot bitcoin ETF filing - The Block - Reuters.com,bullish
1685644222724,Bitcoin rises 5.1% at $28211 - Reuters.com,bullish
1685649674688,BlackRock wants to launch a bitcoin ETF. Why now?,bullish
1685653168425,5 Ways to Track Down Lost Bitcoin and Other Cryptos,bullish
1685657910444,Analysis: Partnering with Coinbase could hinder bid for bitcoin ETF approval - Reuters,unknown
1685657963887,Brad from ‘Home Improvement’ Built a Bitcoin Empire and Then Burned It All Down,bullish
1685665249001,Bitcoin eyes third straight day of gains after touching two-month high - Reuters,bullish
1685665477359,Fidelity Invesco VanEck and WisdomTree refile for a spot bitcoin ETF with Coinbase as market surveillance provider to answer the US SEC's objections (Bloomberg),bullish
1685668387447,Bitcoin rises 5.1% at $28211 - Reuters.com,bullish
1685670593235,From viruses to Bitcoin Carlos Miranda’s playful animations are a sign of the times,bullish
1685672620290,Bitcoin rises 5.1% at $28211 - Reuters.com,bullish
1685682189760,BlackRock wants to launch a bitcoin ETF. Why now?,bullish
1685694510658,Brad from ‘Home Improvement’ Built a Bitcoin Empire and Then Burned It All Down,bullish
1685704511259,: Why some crypto stocks surged up to 400% this year outperforming bitcoin,bullish
1685704731665,Crypto: Bitcoin to reach $50000 by year-end but top $100000 by end of 2024 says Standard Chartered strategist,bullish
1685705918472,Fidelity Invesco VanEck and WisdomTree refile for a spot bitcoin ETF with Coinbase as market surveillance provider to answer the US SEC's objections (Bloomberg),bullish
1685716308134,Crypto: Bitcoin to reach $50000 by year-end but top $100000 by end of 2024 says Standard Chartered strategist,bullish
1685716338277,Fidelity Invesco VanEck and WisdomTree refile for a spot bitcoin ETF with Coinbase as market surveillance provider to answer the US SEC's objections (Bloomberg),bullish
1685725441387,BlackRock wants to launch a bitcoin ETF. Why now?,bullish
1685727222041,Bitcoin could surge 300% to $120000 next year as miners reduce token sales Standard Chartered says,bullish
1685729700871,Dogecoin and other meme cryptos surge as bitcoin breaks out above $30000,bullish
1685731402180,Coinbase surges after Cboe names crypto exchange in bitcoin ETF ... - Reuters,bullish
1685739496007,Decentralized Twitter rival Damus will be removed from the App Store over Bitcoin tipping,bullish
1685741072843,A bankruptcy judge rules that Celsius can sell or convert any non-BTC and non-ETH crypto tokens to Bitcoin or Ethereum starting July 1 (Jack Schickler/CoinDesk),bullish
1685749294668,Bitcoin Briefly Pushes Above $31K After Fidelity Spot ETF Filing,bullish
1685749416410,Coinbase surges after Cboe names crypto exchange in bitcoin ETF ... - Reuters,bullish
1685750141094,A bankruptcy judge rules that Celsius can sell or convert any non-BTC and non-ETH crypto tokens to Bitcoin or Ethereum starting July 1 (Jack Schickler/CoinDesk),bullish
1685753418161,BlackRock has refiled its spot bitcoin ETF application with SEC through Nasdaq and listed Coinbase as market surveillance provider to address SEC's objections (Bloomberg),bullish
1685757773653,A bankruptcy judge rules that Celsius can sell or convert any non-BTC and non-ETH crypto tokens to Bitcoin or Ethereum starting July 1 (Jack Schickler/CoinDesk),bullish
1685762365028,Crypto Update: Bitcoin tops $30000 for first time since April. Here’s why it’s shaking off a regulatory crackdown.,bullish
1685764914472,Bitcoin could surge 300% to $120000 next year as miners reduce token sales Standard Chartered says,bullish
1685767259836,Crypto: Spot bitcoin ETFs won’t be derailed as SEC reportedly details concerns crypto insiders say,bullish
1685770977655,Fake ‘Trezor Wallet’ Bitcoin app reaches the top of iOS App Store search results, unknown
1685774286119,Fake ‘Trezor Wallet’ Bitcoin app reaches the top of iOS App Store search results, unknown
1685777756757,BlackRock has refiled its spot bitcoin ETF application with SEC through Nasdaq and listed Coinbase as market surveillance provider to address SEC's objections (Bloomberg),bullish
1685783244548,Fake ‘Trezor Wallet’ Bitcoin app reaches the top of iOS App Store search results, unknown
1685783591182,Analysis: Fever over BlackRock's bitcoin fund faces chill of rate hikes ... - Reuters.com,bullish
1685785070859,BlackRock wants to launch a bitcoin ETF. Why now?,bullish
1685788064364,BlackRock wants to launch a bitcoin ETF. Why now?,bullish
1685790905988,BlackRock has refiled its spot bitcoin ETF application with SEC through Nasdaq and listed Coinbase as market surveillance provider to address SEC's objections (Bloomberg),bullish
1685791454012,: Why some crypto stocks surged up to 400% this year outperforming bitcoin,bullish
1685799589698,BlackRock applied to launch a bitcoin fund. Then came the conspiracy theories.,bullish
1685805746710,BlackRock wants to launch a bitcoin ETF. Why now?,bullish
1685808163783,Filing: Fidelity refiles for a spot bitcoin ETF with the US SEC following similar applications from BlackRock Invesco WisdomTree Valkyrie and others (Bloomberg),bullish
1685808638239,BlackRock applied to launch a bitcoin fund. Then came the conspiracy theories.,bullish
1685809153805,Coinbase surges after Cboe names crypto exchange in bitcoin ETF ... - Reuters,bullish
1685812493420,Why Bitcoin Bitcoin Cash and Bit Digital Are Rising Today,bullish
1685825221191,Breaking News: HSBC Hong Kong Embraces Crypto with Bitcoin and Ether ETF Trading, bullish
1685825608595,Why Bitcoin Bitcoin Cash and Bit Digital Are Rising Today,bullish
1685826035165,5 Ways to Track Down Lost Bitcoin and Other Cryptos,bullish
1685826103532,Crypto: Spot bitcoin ETFs won’t be derailed as SEC reportedly details concerns crypto insiders say,bullish
1685829294867,Bitcoin Briefly Pushes Above $31K After Fidelity Spot ETF Filing,bullish
1685832505322,Fake ‘Trezor Wallet’ Bitcoin app reaches the top of iOS App Store search results, unknown
1685840434660,Why Bitcoin Bitcoin Cash and Bit Digital Are Rising Today,bullish
1685841609300,Microsoft uses Bitcoin as part of MSVC validation test suite, bullish
1685849938400,Can banks push Bitcoin to clean up its act?,bullish
1685853836336,Bitcoin eyes third straight day of gains after touching two-month high - Reuters,bullish
1685855456225,Bitcoin Briefly Pushes Above $31K After Fidelity Spot ETF Filing,bullish
1685857842652,5 Ways to Track Down Lost Bitcoin and Other Cryptos,bullish
1685860224216,Bitcoin Hits a Six-Week High as Financial Titans Step Up Crypto Initiatives,bullish
1685861293326,Coinbase surges after Cboe names crypto exchange in bitcoin ETF ... - Reuters,bullish
1685863156960,Brad from ‘Home Improvement’ Built a Bitcoin Empire and Then Burned It All Down,bullish
1685873013916,SEC says spot bitcoin ETF filings are inadequate - WSJ - Reuters.com,unknown
1685873223312,Bitcoin Hits a Six-Week High as Financial Titans Step Up Crypto Initiatives,bullish
1685874164053,: Coinbase stock explodes higher as enthusiasm builds for spot bitcoin ETFs, bullish
1685875381288,Can Bitcoin Reach $5 Million?,bullish
1685882477827,Bitcoin held by illiquid entities is at an all-time high as demand for the token climbs bullish
1685884701463,Michael Saylor touts a new massive bitcoin haul as MicroStrategy now 'hodls' $4.6 billion worth of tokens, bullish
1685887165495,US home prices are poised to tumble - while bitcoin may surge to $50 000 by December crypto investor says,bullish
1685887459744,Breaking News: HSBC Hong Kong Embraces Crypto with Bitcoin and Ether ETF Trading, bullish
1685888280099,5 Ways to Track Down Lost Bitcoin and Other Cryptos,bullish
1685893782628,Bitcoin could surge 300% to $120000 next year as miners reduce token sales Standard Chartered says,bullish
1685897171446,Crypto: Spot bitcoin ETFs won’t be derailed as SEC reportedly details concerns crypto insiders say,bullish
1685899763250,Analysis: Partnering with Coinbase could hinder bid for bitcoin ETF approval - Reuters,unknown
1685902283702,Microsoft uses Bitcoin as part of MSVC validation test suite, bullish
1685905985646,Analysis: Fever over BlackRock's bitcoin fund faces chill of rate hikes ... - Reuters.com,bullish
1685908652699,Bitcoin stages a comeback rallying 25% since BlackRock filed for its crypto fund,bullish
1685917557886,SEC says spot bitcoin ETF filings are inadequate - WSJ - Reuters.com,unknown
1685918819180,Decentralized Twitter rival Damus will be removed from the App Store over Bitcoin tipping,bullish
1685922625272,SEC says spot bitcoin ETF filings are inadequate - WSJ - Reuters.com,unknown
1685923539806,Fidelity Invesco VanEck and WisdomTree refile for a spot bitcoin ETF with Coinbase as market surveillance provider to answer the US SEC's objections (Bloomberg),bullish
1685927572482,Analysis: Fever over BlackRock's bitcoin fund faces chill of rate hikes ... - Reuters.com,bullish
1685933936074,Decentralized Twitter rival Damus will be removed from the App Store over Bitcoin tipping,bullish
1685936425415,Bitcoin held by illiquid entities is at an all-time high as demand for the token climbs bullish
1685938702748,Breaking News: HSBC Hong Kong Embraces Crypto with Bitcoin and Ether ETF Trading, bullish
1685942991245,'Battle-tested' bitcoin could reach $200000 as top Wall Street names jump in Fundstrat's Tom Lee says, bullish
1685943859866,Bitcoin could surge 300% to $120000 next year as miners reduce token sales Standard Chartered says,bullish
1685944144787,: Coinbase stock explodes higher as enthusiasm builds for spot bitcoin ETFs, bullish
1685945951507,BlackRock wants to launch a bitcoin ETF. Why now?,bullish
1685960824439,Dogecoin and other meme cryptos surge as bitcoin breaks out above $30000,bullish
1685969691115,Bitcoin stages a comeback rallying 25% since BlackRock filed for its crypto fund,bullish
1685969860141,'Battle-tested' bitcoin could reach $200000 as top Wall Street names jump in Fundstrat's Tom Lee says, bullish
1685972837876,: Why some crypto stocks surged up to 400% this year outperforming bitcoin,bullish
1685975420262,Brad from ‘Home Improvement’ Built a Bitcoin Empire and Then Burned It All Down,bullish
1685980864603,Bitcoin eyes third straight day of gains after touching two-month high - Reuters,bullish
1685981788848,From viruses to Bitcoin Carlos Miranda’s playful animations are a sign of the times,bullish
1685981874219,: Why some crypto stocks surged up to 400% this year outperforming bitcoin,bullish
1685984239406,US home prices are poised to tumble - while bitcoin may surge to $50 000 by December crypto investor says,bullish
1685984902658,BlackRock has refiled its spot bitcoin ETF application with SEC through Nasdaq and listed Coinbase as market surveillance provider to address SEC's objections (Bloomberg),bullish
1685986603045,SEC says spot bitcoin ETF filings are inadequate - WSJ - Reuters.com,unknown
1685986995267,A bankruptcy judge rules that Celsius can sell or convert any non-BTC and non-ETH crypto tokens to Bitcoin or Ethereum starting July 1 (Jack Schickler/CoinDesk),bullish
1685991880809,Crypto: Spot bitcoin ETFs won’t be derailed as SEC reportedly details concerns crypto insiders say,bullish
1685994283281,Decentralized Twitter rival Damus will be removed from the App Store over Bitcoin tipping,bullish
1685996509909,Bitcoin Briefly Pushes Above $31K After Fidelity Spot ETF Filing,bullish
1685997749362,Filing: Fidelity refiles for a spot bitcoin ETF with the US SEC following similar applications from BlackRock Invesco WisdomTree Valkyrie and others (Bloomberg),bullish
1686001841193,Sources: SEC told Nasdaq and Cboe that their applications to launch spot bitcoin ETFs on behalf of BlackRock and others aren't clear and comprehensive enough (Vicky Ge Huang/Wall Street Journal),unknown
1686009217920,Dogecoin and other meme cryptos surge as bitcoin breaks out above $30000,bullish
1686012068325,SEC says spot bitcoin ETF filings are inadequate - WSJ - Reuters.com,unknown
1686012335502,Michael Saylor touts a new massive bitcoin haul as MicroStrategy now 'hodls' $4.6 billion worth of tokens, bullish
1686014458784,A bankruptcy judge rules that Celsius can sell or convert any non-BTC and non-ETH crypto tokens to Bitcoin or Ethereum starting July 1 (Jack Schickler/CoinDesk),bullish
1686016585410,Microsoft uses Bitcoin as part of MSVC validation test suite, bullish
1686018108269,Fidelity Invesco VanEck and WisdomTree refile for a spot bitcoin ETF with Coinbase as market surveillance provider to answer the US SEC's objections (Bloomberg),bullish
1686036229926,Filing: Fidelity refiles for a spot bitcoin ETF with the US SEC following similar applications from BlackRock Invesco WisdomTree Valkyrie and others (Bloomberg),bullish
1686039564150,: Why some crypto stocks surged up to 400% this year outperforming bitcoin,bullish
1686040318075,Michael Saylor touts a new massive bitcoin haul as MicroStrategy now 'hodls' $4.6 billion worth of tokens, bullish
1686044318415,Fake ‘Trezor Wallet’ Bitcoin app reaches the top of iOS App Store search results, unknown
1686050863690,Crypto: Bitcoin to reach $50000 by year-end but top $100000 by end of 2024 says Standard Chartered strategist,bullish
1686053884338,The US SEC acknowledges BlackRock's and Bitwise's spot bitcoin ETF applications indicating the commencement of the official review process for the proposals (Amaka Nwaokocha/Cointelegraph),bullish
1686057467027,Should You Invest In Bitcoin Right Now?,bullish
1686058658668,Bitcoin dips after the SEC reportedly says recent ETF applications from BlackRock and Fidelity are inadequate,bearish
1686062954395,Coinbase surges after Cboe names crypto exchange in bitcoin ETF ... - Reuters,bullish
1686064916382,Michael Saylor touts a new massive bitcoin haul as MicroStrategy now 'hodls' $4.6 billion worth of tokens, bullish
1686065408521,BlackRock wants to launch a bitcoin ETF. Why now?,bullish
1686066525888,: Why some crypto stocks surged up to 400% this year outperforming bitcoin,bullish
1686067676263,Fidelity Invesco VanEck and WisdomTree refile for a spot bitcoin ETF with Coinbase as market surveillance provider to answer the US SEC's objections (Bloomberg),bullish
1686075190683,'Battle-tested' bitcoin could reach $200000 as top Wall Street names jump in Fundstrat's Tom Lee says, bullish
1686084615220,Brad from ‘Home Improvement’ Built a Bitcoin Empire and Then Burned It All Down,bullish
1686091959605,From viruses to Bitcoin Carlos Miranda’s playful animations are a sign of the times,bullish
1686094393239,Bitcoin could surge 300% to $120000 next year as miners reduce token sales Standard Chartered says,bullish
1686096646726,Fidelity Invesco VanEck and WisdomTree refile for a spot bitcoin ETF with Coinbase as market surveillance provider to answer the US SEC's objections (Bloomberg),bullish
1686096657552,5 Ways to Track Down Lost Bitcoin and Other Cryptos,bullish
1686096859038,BlackRock wants to launch a bitcoin ETF. Why now?,bullish
1686101978820,Fake ‘Trezor Wallet’ Bitcoin app reaches the top of iOS App Store search results, unknown
1686106701164,Analysis: Fever over BlackRock's bitcoin fund faces chill of rate hikes ... - Reuters.com,bullish
1686119821081,Microsoft uses Bitcoin as part of MSVC validation test suite, bullish
1686129803398,Analysis: Fever over BlackRock's bitcoin fund faces chill of rate hikes ... - Reuters.com,bullish
1686135642729,Should You Invest In Bitcoin Right Now?,bullish
1686143203448,Sources: SEC told Nasdaq and Cboe that their applications to launch spot bitcoin ETFs on behalf of BlackRock and others aren't clear and comprehensive enough (Vicky Ge Huang/Wall Street Journal),unknown
1686151547937,BlackRock wants to launch a bitcoin ETF. Why now?,bullish
1686172474040,Bitcoin Briefly Pushes Above $31K After Fidelity Spot ETF Filing,bullish
1686173990209,Sources: SEC told Nasdaq and Cboe that their applications to launch spot bitcoin ETFs on behalf of BlackRock and others aren't clear and comprehensive enough (Vicky Ge Huang/Wall Street Journal),unknown
1686178946975,Bitcoin Briefly Pushes Above $31K After Fidelity Spot ETF Filing,bullish
1686181644498,Crypto: Spot bitcoin ETFs won’t be derailed as SEC reportedly details concerns crypto insiders say,bullish
1686184740676,From viruses to Bitcoin Carlos Miranda’s playful animations are a sign of the times,bullish
1686191978974,Brad from ‘Home Improvement’ Built a Bitcoin Empire and Then Burned It All Down,bullish
1686193740146,BlackRock wants to launch a bitcoin ETF. Why now?,bullish
1686197150304,Analysis: Partnering with Coinbase could hinder bid for bitcoin ETF approval - Reuters,unknown
1686208401637,Crypto Update: Bitcoin tops $30000 for first time since April. Here’s why it’s shaking off a regulatory crackdown.,bullish
1686211416557,Michael Saylor touts a new massive bitcoin haul as MicroStrategy now 'hodls' $4.6 billion worth of tokens, bullish
1686211493896,Dogecoin and other meme cryptos surge as bitcoin breaks out above $30000,bullish
1686212999212,Filing: Fidelity refiles for a spot bitcoin ETF with the US SEC following similar applications from BlackRock Invesco WisdomTree Valkyrie and others (Bloomberg),bullish
1686213624955,Can banks push Bitcoin to clean up its act?,bullish
1686216587429,BlackRock wants to launch a bitcoin ETF. Why now?,bullish
1686217465762,Bitcoin dips after the SEC reportedly says recent ETF applications from BlackRock and Fidelity are inadequate,bearish
1686221561795,Crypto: Bitcoin to reach $50000 by year-end but top $100000 by end of 2024 says Standard Chartered strategist,bullish
1686222164892,Fidelity preparing to submit spot bitcoin ETF filing - The Block - Reuters.com,bullish
1686223233194,US home prices are poised to tumble - while bitcoin may surge to $50 000 by December crypto investor says,bullish
1686226403533,Decentralized Twitter rival Damus will be removed from the App Store over Bitcoin tipping,bullish
1686230022670,Fake ‘Trezor Wallet’ Bitcoin app reaches the top of iOS App Store search results, unknown
1686232436532,BlackRock wants to launch a bitcoin ETF. Why now?,bullish
1686232549281,Sources: SEC told Nasdaq and Cboe that their applications to launch spot bitcoin ETFs on behalf of BlackRock and others aren't clear and comprehensive enough (Vicky Ge Huang/Wall Street Journal),unknown
1686234803506,Crypto Update: Bitcoin tops $30000 for first time since April. Here’s why it’s shaking off a regulatory crackdown.,bullish
1686243222100,Bitcoin dips after the SEC reportedly says recent ETF applications from BlackRock and Fidelity are inadequate,bearish
1686247630683,From viruses to Bitcoin Carlos Miranda’s playful animations are a sign of the times,bullish
1686253429654,Bitcoin held by illiquid entities is at an all-time high as demand for the token climbs bullish
1686255198901,Can Bitcoin Reach $5 Million?,bullish
1686255945666,Analysis: Partnering with Coinbase could hinder bid for bitcoin ETF approval - Reuters,unknown
1686257484760,Sources: SEC told Nasdaq and Cboe that their applications to launch spot bitcoin ETFs on behalf of BlackRock and others aren't clear and comprehensive enough (Vicky Ge Huang/Wall Street Journal),unknown
1686260668282,Bitcoin eyes third straight day of gains after touching two-month high - Reuters,bullish
1686265171342,5 Ways to Track Down Lost Bitcoin and Other Cryptos,bullish
1686269592306,5 Ways to Track Down Lost Bitcoin and Other Cryptos,bullish
1686278344870,Bitcoin could surge 300% to $120000 next year as miners reduce token sales Standard Chartered says,bullish
1686278978943,Sources: SEC told Nasdaq and Cboe that their applications to launch spot bitcoin ETFs on behalf of BlackRock and others aren't clear and comprehensive enough (Vicky Ge Huang/Wall Street Journal),unknown
1686281977485,Fake ‘Trezor Wallet’ Bitcoin app reaches the top of iOS App Store search results, unknown
1686282514135,Bitcoin eyes third straight day of gains after touching two-month high - Reuters,bullish
1686284710353,Analysis: Partnering with Coinbase could hinder bid for bitcoin ETF approval - Reuters,unknown
1686284838049,Thinking About Buying Dogecoin? Buy Bitcoin Instead,bullish
1686290806713,From viruses to Bitcoin Carlos Miranda’s playful animations are a sign of the times,bullish
1686293728346,BlackRock has refiled its spot bitcoin ETF application with SEC through Nasdaq and listed Coinbase as market surveillance provider to address SEC's objections (Bloomberg),bullish
1686295476816,From viruses to Bitcoin Carlos Miranda’s playful animations are a sign of the times,bullish
1686299105864,The US SEC acknowledges BlackRock's and Bitwise's spot bitcoin ETF applications indicating the commencement of the official review process for the proposals (Amaka Nwaokocha/Cointelegraph),bullish
1686299640164,SEC says spot bitcoin ETF filings are inadequate - WSJ - Reuters.com,unknown
1686300365302,Filing: Fidelity refiles for a spot bitcoin ETF with the US SEC following similar applications from BlackRock Invesco WisdomTree Valkyrie and others (Bloomberg),bullish
1686301816818,Fidelity preparing to submit spot bitcoin ETF filing - The Block - Reuters.com,bullish
1686303362638,Bitcoin Briefly Pushes Above $31K After Fidelity Spot ETF Filing,bullish
1686303458720,Microsoft uses Bitcoin as part of MSVC validation test suite, bullish
1686304001227,Fidelity Invesco VanEck and WisdomTree refile for a spot bitcoin ETF with Coinbase as market surveillance provider to answer the US SEC's objections (Bloomberg),bullish
1686306263067,In One Chart: Bitcoin finally decoupled from U.S. stocks. Here’s why it matters, bullish
1686308046293,Filing: Fidelity refiles for a spot bitcoin ETF with the US SEC following similar applications from BlackRock Invesco WisdomTree Valkyrie and others (Bloomberg),bullish
1686312053788,Fidelity preparing to submit spot bitcoin ETF filing - The Block - Reuters.com,bullish
1686314847169,Crypto Update: Bitcoin tops $30000 for first time since April. Here’s why it’s shaking off a regulatory crackdown.,bullish
1686315279743,: Why some crypto stocks surged up to 400% this year outperforming bitcoin,bullish
1686322275414,Why Bitcoin Bitcoin Cash and Bit Digital Are Rising Today,bullish
1686329245234,Filing: Fidelity refiles for a spot bitcoin ETF with the US SEC following similar applications from BlackRock Invesco WisdomTree Valkyrie and others (Bloomberg),bullish
1686334017890,BlackRock wants to launch a bitcoin ETF. Why now?,bullish
1686334967768,Analysis: Fever over BlackRock's bitcoin fund faces chill of rate hikes ... - Reuters.com,bullish
1686336195856,Bitcoin eyes third straight day of gains after touching two-month high - Reuters,bullish
1686339511305,The US SEC acknowledges BlackRock's and Bitwise's spot bitcoin ETF applications indicating the commencement of the official review process for the proposals (Amaka Nwaokocha/Cointelegraph),bullish
1686340892032,Microsoft uses Bitcoin as part of MSVC validation test suite, bullish
1686343037967,Bitcoin could surge 300% to $120000 next year as miners reduce token sales Standard Chartered says,bullish
1686349123544,BlackRock wants to launch a bitcoin ETF. Why now?,bullish
1686356917963,Bitcoin stages a comeback rallying 25% since BlackRock filed for its crypto fund,bullish
1686359349609,Coinbase surges after Cboe names crypto exchange in bitcoin ETF ... - Reuters,bullish
1686372482285,Microsoft uses Bitcoin as part of MSVC validation test suite, bullish
1686375090426,Bitcoin held by illiquid entities is at an all-time high as demand for the token climbs bullish
1686376039143,Fidelity Invesco VanEck and WisdomTree refile for a spot bitcoin ETF with Coinbase as market surveillance provider to answer the US SEC's objections (Bloomberg),bullish
1686385428924,Should You Invest In Bitcoin Right Now?,bullish
1686387800884,Fake ‘Trezor Wallet’ Bitcoin app reaches the top of iOS App Store search results, unknown
1686387830807,Bitcoin Hits a Six-Week High as Financial Titans Step Up Crypto Initiatives,bullish
1686389413928,5 Ways to Track Down Lost Bitcoin and Other Cryptos,bullish
1686391465301,Breaking News: HSBC Hong Kong Embraces Crypto with Bitcoin and Ether ETF Trading, bullish
1686408750325,Filing: Fidelity refiles for a spot bitcoin ETF with the US SEC following similar applications from BlackRock Invesco WisdomTree Valkyrie and others (Bloomberg),bullish
1686409162542,Crypto Update: Bitcoin tops $30000 for first time since April. Here’s why it’s shaking off a regulatory crackdown.,bullish
1686414366881,BlackRock applied to launch a bitcoin fund. Then came the conspiracy theories.,bullish
1686414385329,Brad from ‘Home Improvement’ Built a Bitcoin Empire and Then Burned It All Down,bullish
1686415077675,Analysis: Fever over BlackRock's bitcoin fund faces chill of rate hikes ... - Reuters.com,bullish
1686419874341,Microsoft uses Bitcoin as part of MSVC validation test suite, bullish
1686421490178,Breaking News: HSBC Hong Kong Embraces Crypto with Bitcoin and Ether ETF Trading, bullish
1686421555629,Crypto: Spot bitcoin ETFs won’t be derailed as SEC reportedly details concerns crypto insiders say,bullish
1686423122048,The US SEC acknowledges BlackRock's and Bitwise's spot bitcoin ETF applications indicating the commencement of the official review process for the proposals (Amaka Nwaokocha/Cointelegraph),bullish
1686438648080,US home prices are poised to tumble - while bitcoin may surge to $50 000 by December crypto investor says,bullish
1686441766493,Fake ‘Trezor Wallet’ Bitcoin app reaches the top of iOS App Store search results, unknown
1686444014158,Thinking About Buying Dogecoin? Buy Bitcoin Instead,bullish
1686447457613,Crypto: Bitcoin to reach $50000 by year-end but top $100000 by end of 2024 says Standard Chartered strategist,bullish
1686449337691,Bitcoin held by illiquid entities is at an all-time high as demand for the token climbs bullish
1686452839329,BlackRock wants to launch a bitcoin ETF. Why now?,bullish
1686454160273,SEC says spot bitcoin ETF filings are inadequate - WSJ - Reuters.com,unknown
1686459258755,Fake ‘Trezor Wallet’ Bitcoin app reaches the top of iOS App Store search results, unknown
1686468651834,Coinbase surges after Cboe names crypto exchange in bitcoin ETF ... - Reuters,bullish
1686469406923,From viruses to Bitcoin Carlos Miranda’s playful animations are a sign of the times,bullish
1686470119235,Decentralized Twitter rival Damus will be removed from the App Store over Bitcoin tipping,bullish
1686476231968,: Why some crypto stocks surged up to 400% this year outperforming bitcoin,bullish
1686483101003,In One Chart: Bitcoin finally decoupled from U.S. stocks. Here’s why it matters, bullish
1686490104298,Crypto: Spot bitcoin ETFs won’t be derailed as SEC reportedly details concerns crypto insiders say,bullish
1686492071172,Should You Invest In Bitcoin Right Now?,bullish
1686492810976,Thinking About Buying Dogecoin? Buy Bitcoin Instead,bullish
1686492811571,'Battle-tested' bitcoin could reach $200000 as top Wall Street names jump in Fundstrat's Tom Lee says, bullish
1686496684124,A bankruptcy judge rules that Celsius can sell or convert any non-BTC and non-ETH crypto tokens to Bitcoin or Ethereum starting July 1 (Jack Schickler/CoinDesk),bullish
1686501516454,'Battle-tested' bitcoin could reach $200000 as top Wall Street names jump in Fundstrat's Tom Lee says, bullish
1686503436588,The US SEC acknowledges BlackRock's and Bitwise's spot bitcoin ETF applications indicating the commencement of the official review process for the proposals (Amaka Nwaokocha/Cointelegraph),bullish
1686504868628,Bitcoin dips after the SEC reportedly says recent ETF applications from BlackRock and Fidelity are inadequate,bearish
1686508513138,Crypto: Bitcoin to reach $50000 by year-end but top $100000 by end of 2024 says Standard Chartered strategist,bullish
1686515847284,Bitcoin eyes third straight day of gains after touching two-month high - Reuters,bullish
1686520665669,Analysis: Partnering with Coinbase could hinder bid for bitcoin ETF approval - Reuters,unknown
1686525824556,Crypto: Bitcoin to reach $50000 by year-end but top $100000 by end of 2024 says Standard Chartered strategist,bullish
1686534189399,The US SEC acknowledges BlackRock's and Bitwise's spot bitcoin ETF applications indicating the commencement of the official review process for the proposals (Amaka Nwaokocha/Cointelegraph),bullish
1686534231210,Fake ‘Trezor Wallet’ Bitcoin app reaches the top of iOS App Store search results, unknown
1686534679414,SEC says spot bitcoin ETF filings are inadequate - WSJ - Reuters.com,unknown
1686538262013,BlackRock has refiled its spot bitcoin ETF application with SEC through Nasdaq and listed Coinbase as market surveillance provider to address SEC's objections (Bloomberg),bullish
1686543009490,A bankruptcy judge rules that Celsius can sell or convert any non-BTC and non-ETH crypto tokens to Bitcoin or Ethereum starting July 1 (Jack Schickler/CoinDesk),bullish
1686545573010,: Why some crypto stocks surged up to 400% this year outperforming bitcoin,bullish
1686546164445,: Why some crypto stocks surged up to 400% this year outperforming bitcoin,bullish
1686546954032,The US SEC acknowledges BlackRock's and Bitwise's spot bitcoin ETF applications indicating the commencement of the official review process for the proposals (Amaka Nwaokocha/Cointelegraph),bullish
1686549924673,Crypto: Bitcoin to reach $50000 by year-end but top $100000 by end of 2024 says Standard Chartered strategist,bullish
1686553209745,'Battle-tested' bitcoin could reach $200000 as top Wall Street names jump in Fundstrat's Tom Lee says, bullish
1686556023119,Bitcoin stages a comeback rallying 25% since BlackRock filed for its crypto fund,bullish
1686556657110,Sources: SEC told Nasdaq and Cboe that their applications to launch spot bitcoin ETFs on behalf of BlackRock and others aren't clear and comprehensive enough (Vicky Ge Huang/Wall Street Journal),unknown
1686560361522,Crypto Update: Bitcoin tops $30000 for first time since April. Here’s why it’s shaking off a regulatory crackdown.,bullish
1686564417275,5 Ways to Track Down Lost Bitcoin and Other Cryptos,bullish
1686566572856,Analysis: Fever over BlackRock's bitcoin fund faces chill of rate hikes ... - Reuters.com,bullish
1686566921370,A bankruptcy judge rules that Celsius can sell or convert any non-BTC and non-ETH crypto tokens to Bitcoin or Ethereum starting July 1 (Jack Schickler/CoinDesk),bullish
1686567188508,The US SEC acknowledges BlackRock's and Bitwise's spot bitcoin ETF applications indicating the commencement of the official review process for the proposals (Amaka Nwaokocha/Cointelegraph),bullish
1686570760534,SEC says spot bitcoin ETF filings are inadequate - WSJ - Reuters.com,unknown
1686578798639,Bitcoin held by illiquid entities is at an all-time high as demand for the token climbs bullish
1686584785961,Should You Invest In Bitcoin Right Now?,bullish
1686588810369,Bitcoin could surge 300% to $120000 next year as miners reduce token sales Standard Chartered says,bullish
1686589946910,Decentralized Twitter rival Damus will be removed from the App Store over Bitcoin tipping,bullish
1686591084014,Thinking About Buying Dogecoin? Buy Bitcoin Instead,bullish
1686592719967,Fidelity preparing to submit spot bitcoin ETF filing - The Block - Reuters.com,bullish
1686604184344,Bitcoin Hits a Six-Week High as Financial Titans Step Up Crypto Initiatives,bullish
1686607144466,Decentralized Twitter rival Damus will be removed from the App Store over Bitcoin tipping,bullish
1686607494447,BlackRock wants to launch a bitcoin ETF. Why now?,bullish
1686609692302,Bitcoin Hits a Six-Week High as Financial Titans Step Up Crypto Initiatives,bullish
1686612543511,Crypto: Bitcoin to reach $50000 by year-end but top $100000 by end of 2024 says Standard Chartered strategist,bullish
1686617193084,Can banks push Bitcoin to clean up its act?,bullish
1686619507996,Thinking About Buying Dogecoin? Buy Bitcoin Instead,bullish
1686626788734,BlackRock applied to launch a bitcoin fund. Then came the conspiracy theories.,bullish
1686634531736,BlackRock wants to launch a bitcoin ETF. Why now?,bullish
1686635086707,: Coinbase stock explodes higher as enthusiasm builds for spot bitcoin ETFs, bullish
1686635100567,BlackRock applied to launch a bitcoin fund. Then came the conspiracy theories.,bullish
1686639732929,BlackRock wants to launch a bitcoin ETF. Why now?,bullish
1686641091063,Fake ‘Trezor Wallet’ Bitcoin app reaches the top of iOS App Store search results, unknown
1686642265002,Filing: Fidelity refiles for a spot bitcoin ETF with the US SEC following similar applications from BlackRock Invesco WisdomTree Valkyrie and others (Bloomberg),bullish
1686648649105,In One Chart: Bitcoin finally decoupled from U.S. stocks. Here’s why it matters, bullish
1686655867989,Michael Saylor touts a new massive bitcoin haul as MicroStrategy now 'hodls' $4.6 billion worth of tokens, bullish
1686658687550,BlackRock wants to launch a bitcoin ETF. Why now?,bullish
1686664570574,The US SEC acknowledges BlackRock's and Bitwise's spot bitcoin ETF applications indicating the commencement of the official review process for the proposals (Amaka Nwaokocha/Cointelegraph),bullish
1686674302400,Why Bitcoin Bitcoin Cash and Bit Digital Are Rising Today,bullish
1686681137669,Analysis: Partnering with Coinbase could hinder bid for bitcoin ETF approval - Reuters,unknown
1686683743452,: Why some crypto stocks surged up to 400% this year outperforming bitcoin,bullish
1686683916356,BlackRock has refiled its spot bitcoin ETF application with SEC through Nasdaq and listed Coinbase as market surveillance provider to address SEC's objections (Bloomberg),bullish
1686684208497,Microsoft uses Bitcoin as part of MSVC validation test suite, bullish
1686685144398,Fidelity Invesco VanEck and WisdomTree refile for a spot bitcoin ETF with Coinbase as market surveillance provider to answer the US SEC's objections (Bloomberg),bullish
1686688804275,Brad from ‘Home Improvement’ Built a Bitcoin Empire and Then Burned It All Down,bullish
1686692071992,BlackRock has refiled its spot bitcoin ETF application with SEC through Nasdaq and listed Coinbase as market surveillance provider to address SEC's objections (Bloomberg),bullish
1686706077044,Dogecoin and other meme cryptos surge as bitcoin breaks out above $30000,bullish
1686707795673,Thinking About Buying Dogecoin? Buy Bitcoin Instead,bullish
1686708754334,Bitcoin dips after the SEC reportedly says recent ETF applications from BlackRock and Fidelity are inadequate,bearish
1686709906538,5 Ways to Track Down Lost Bitcoin and Other Cryptos,bullish
1686711522371,5 Ways to Track Down Lost Bitcoin and Other Cryptos,bullish
1686714415314,Filing: Fidelity refiles for a spot bitcoin ETF with the US SEC following similar applications from BlackRock Invesco WisdomTree Valkyrie and others (Bloomberg),bullish
1686715036374,Crypto: Bitcoin to reach $50000 by year-end but top $100000 by end of 2024 says Standard Chartered strategist,bullish
1686731521701,Can Bitcoin Reach $5 Million?,bullish
1686732035434,Filing: Fidelity refiles for a spot bitcoin ETF with the US SEC following similar applications from BlackRock Invesco WisdomTree Valkyrie and others (Bloomberg),bullish
1686732124846,Bitcoin rises 5.1% at $28211 - Reuters.com,bullish
1686732705861,Microsoft uses Bitcoin as part of MSVC validation test suite, bullish
1686733790314,A bankruptcy judge rules that Celsius can sell or convert any non-BTC and non-ETH crypto tokens to Bitcoin or Ethereum starting July 1 (Jack Schickler/CoinDesk),bullish
1686735272420,Dogecoin and other meme cryptos surge as bitcoin breaks out above $30000,bullish
1686735885915,: Why some crypto stocks surged up to 400% this year outperforming bitcoin,bullish
1686739264462,BlackRock applied to launch a bitcoin fund. Then came the conspiracy theories.,bullish
1686741960588,Crypto: Bitcoin to reach $50000 by year-end but top $100000 by end of 2024 says Standard Chartered strategist,bullish
1686744613701,Bitcoin Hits a Six-Week High as Financial Titans Step Up Crypto Initiatives,bullish
1686744952126,From viruses to Bitcoin Carlos Miranda’s playful animations are a sign of the times,bullish
1686745100202,Sources: SEC told Nasdaq and Cboe that their applications to launch spot bitcoin ETFs on behalf of BlackRock and others aren't clear and comprehensive enough (Vicky Ge Huang/Wall Street Journal),unknown
1686749564807,US home prices are poised to tumble - while bitcoin may surge to $50 000 by December crypto investor says,bullish
1686750662243,Thinking About Buying Dogecoin? Buy Bitcoin Instead,bullish
1686753087923,Bitcoin Hits a Six-Week High as Financial Titans Step Up Crypto Initiatives,bullish
1686758054305,Coinbase surges after Cboe names crypto exchange in bitcoin ETF ... - Reuters,bullish
1686759000998,Bitcoin eyes third straight day of gains after touching two-month high - Reuters,bullish
1686763564154,Bitcoin stages a comeback rallying 25% since BlackRock filed for its crypto fund,bullish
1686765715013,The US SEC acknowledges BlackRock's and Bitwise's spot bitcoin ETF applications indicating the commencement of the official review process for the proposals (Amaka Nwaokocha/Cointelegraph),bullish
1686768791204,Crypto: Bitcoin to reach $50000 by year-end but top $100000 by end of 2024 says Standard Chartered strategist,bullish
1686773676495,Fidelity preparing to submit spot bitcoin ETF filing - The Block - Reuters.com,bullish
1686784707731,Bitcoin Hits a Six-Week High as Financial Titans Step Up Crypto Initiatives,bullish
1686786925672,A bankruptcy judge rules that Celsius can sell or convert any non-BTC and non-ETH crypto tokens to Bitcoin or Ethereum starting July 1 (Jack Schickler/CoinDesk),bullish
1686787188171,Can banks push Bitcoin to clean up its act?,bullish
1686823300361,Filing: Fidelity refiles for a spot bitcoin ETF with the US SEC following similar applications from BlackRock Invesco WisdomTree Valkyrie and others (Bloomberg),bullish
1686823800341,Analysis: Fever over BlackRock's bitcoin fund faces chill of rate hikes ... - Reuters.com,bullish
1686829445083,Fake ‘Trezor Wallet’ Bitcoin app reaches the top of iOS App Store search results, unknown
1686840512368,: Coinbase stock explodes higher as enthusiasm builds for spot bitcoin ETFs, bullish
1686840788207,Coinbase surges after Cboe names crypto exchange in bitcoin ETF ... - Reuters,bullish
1686840991914,Decentralized Twitter rival Damus will be removed from the App Store over Bitcoin tipping,bullish
1686848097436,A bankruptcy judge rules that Celsius can sell or convert any non-BTC and non-ETH crypto tokens to Bitcoin or Ethereum starting July 1 (Jack Schickler/CoinDesk),bullish
1686858653376,Sources: SEC told Nasdaq and Cboe that their applications to launch spot bitcoin ETFs on behalf of BlackRock and others aren't clear and comprehensive enough (Vicky Ge Huang/Wall Street Journal),unknown
1686860597986,Bitcoin Hits a Six-Week High as Financial Titans Step Up Crypto Initiatives,bullish
1686862605719,Analysis: Fever over BlackRock's bitcoin fund faces chill of rate hikes ... - Reuters.com,bullish
1686882362660,US home prices are poised to tumble - while bitcoin may surge to $50 000 by December crypto investor says,bullish
1686884261573,Fidelity preparing to submit spot bitcoin ETF filing - The Block - Reuters.com,bullish
1686884928630,Microsoft uses Bitcoin as part of MSVC validation test suite, bullish
1686889835926,BlackRock applied to launch a bitcoin fund. Then came the conspiracy theories.,bullish
1686890494813,Should You Invest In Bitcoin Right Now?,bullish
1686891232267,Analysis: Fever over BlackRock's bitcoin fund faces chill of rate hikes ... - Reuters.com,bullish
1686897159350,: Why some crypto stocks surged up to 400% this year outperforming bitcoin,bullish
1686902122807,: Coinbase stock explodes higher as enthusiasm builds for spot bitcoin ETFs, bullish
1686906240395,Bitcoin Briefly Pushes Above $31K After Fidelity Spot ETF Filing,bullish
1686909934971,Analysis: Fever over BlackRock's bitcoin fund faces chill of rate hikes ... - Reuters.com,bullish
1686911846525,Fake ‘Trezor Wallet’ Bitcoin app reaches the top of iOS App Store search results, unknown
1686912375591,Sources: SEC told Nasdaq and Cboe that their applications to launch spot bitcoin ETFs on behalf of BlackRock and others aren't clear and comprehensive enough (Vicky Ge Huang/Wall Street Journal),unknown
1686914171399,Thinking About Buying Dogecoin? Buy Bitcoin Instead,bullish
1686919721322,Crypto: Bitcoin to reach $50000 by year-end but top $100000 by end of 2024 says Standard Chartered strategist,bullish
1686928069471,BlackRock wants to launch a bitcoin ETF. Why now?,bullish
1686931709262,Decentralized Twitter rival Damus will be removed from the App Store over Bitcoin tipping,bullish
1686933200461,Filing: Fidelity refiles for a spot bitcoin ETF with the US SEC following similar applications from BlackRock Invesco WisdomTree Valkyrie and others (Bloomberg),bullish
1686946021219,Bitcoin held by illiquid entities is at an all-time high as demand for the token climbs bullish
1686946725840,Coinbase surges after Cboe names crypto exchange in bitcoin ETF ... - Reuters,bullish
1686970599641,A bankruptcy judge rules that Celsius can sell or convert any non-BTC and non-ETH crypto tokens to Bitcoin or Ethereum starting July 1 (Jack Schickler/CoinDesk),bullish
1686979611003,Dogecoin and other meme cryptos surge as bitcoin breaks out above $30000,bullish
1686995416113,Coinbase surges after Cboe names crypto exchange in bitcoin ETF ... - Reuters,bullish
1687003555480,Michael Saylor touts a new massive bitcoin haul as MicroStrategy now 'hodls' $4.6 billion worth of tokens, bullish
1687007255922,Thinking About Buying Dogecoin? Buy Bitcoin Instead,bullish
1687009705991,Why Bitcoin Bitcoin Cash and Bit Digital Are Rising Today,bullish
1687011314648,Bitcoin could surge 300% to $120000 next year as miners reduce token sales Standard Chartered says,bullish
1687018396005,Fake ‘Trezor Wallet’ Bitcoin app reaches the top of iOS App Store search results, unknown
1687020074045,Coinbase surges after Cboe names crypto exchange in bitcoin ETF ... - Reuters,bullish
1687025532136,Crypto: Spot bitcoin ETFs won’t be derailed as SEC reportedly details concerns crypto insiders say,bullish
1687028597077,Bitcoin held by illiquid entities is at an all-time high as demand for the token climbs bullish
1687028866258,Filing: Fidelity refiles for a spot bitcoin ETF with the US SEC following similar applications from BlackRock Invesco WisdomTree Valkyrie and others (Bloomberg),bullish
1687038959727,Brad from ‘Home Improvement’ Built a Bitcoin Empire and Then Burned It All Down,bullish
1687042358608,Fidelity Invesco VanEck and WisdomTree refile for a spot bitcoin ETF with Coinbase as market surveillance provider to answer the US SEC's objections (Bloomberg),bullish
1687045056872,Can Bitcoin Reach $5 Million?,bullish
1687045967160,Sources: SEC told Nasdaq and Cboe that their applications to launch spot bitcoin ETFs on behalf of BlackRock and others aren't clear and comprehensive enough (Vicky Ge Huang/Wall Street Journal),unknown
1687046441762,Analysis: Fever over BlackRock's bitcoin fund faces chill of rate hikes ... - Reuters.com,bullish
1687047434205,BlackRock wants to launch a bitcoin ETF. Why now?,bullish
1687050767760,BlackRock applied to launch a bitcoin fund. Then came the conspiracy theories.,bullish
1687060803682,The US SEC acknowledges BlackRock's and Bitwise's spot bitcoin ETF applications indicating the commencement of the official review process for the proposals (Amaka Nwaokocha/Cointelegraph),bullish
1687069695786,Fake ‘Trezor Wallet’ Bitcoin app reaches the top of iOS App Store search results, unknown
1687072151146,Bitcoin rises 5.1% at $28211 - Reuters.com,bullish
1687074700270,BlackRock wants to launch a bitcoin ETF. Why now?,bullish
1687089884486,Bitcoin stages a comeback rallying 25% since BlackRock filed for its crypto fund,bullish
1687093332630,Crypto: Bitcoin to reach $50000 by year-end but top $100000 by end of 2024 says Standard Chartered strategist,bullish
1687093363167,BlackRock applied to launch a bitcoin fund. Then came the conspiracy theories.,bullish
1687093855654,BlackRock wants to launch a bitcoin ETF. Why now?,bullish
1687096946537,Why Bitcoin Bitcoin Cash and Bit Digital Are Rising Today,bullish
1687097388262,SEC says spot bitcoin ETF filings are inadequate - WSJ - Reuters.com,unknown
1687098175525,Bitcoin Briefly Pushes Above $31K After Fidelity Spot ETF Filing,bullish
1687101525136,Decentralized Twitter rival Damus will be removed from the App Store over Bitcoin tipping,bullish
1687105624666,In One Chart: Bitcoin finally decoupled from U.S. stocks. Here’s why it matters, bullish
1687110675511,Fidelity preparing to submit spot bitcoin ETF filing - The Block - Reuters.com,bullish
1687110874295,Bitcoin eyes third straight day of gains after touching two-month high - Reuters,bullish
1687127164866,Analysis: Fever over BlackRock's bitcoin fund faces chill of rate hikes ... - Reuters.com,bullish
1687127276662,Breaking News: HSBC Hong Kong Embraces Crypto with Bitcoin and Ether ETF Trading, bullish
1687127597789,Breaking News: HSBC Hong Kong Embraces Crypto with Bitcoin and Ether ETF Trading, bullish
1687130047423,5 Ways to Track Down Lost Bitcoin and Other Cryptos,bullish
1687137212196,Crypto: Spot bitcoin ETFs won’t be derailed as SEC reportedly details concerns crypto insiders say,bullish
1687140147227,Bitcoin stages a comeback rallying 25% since BlackRock filed for its crypto fund,bullish
1687140420830,Can Bitcoin Reach $5 Million?,bullish
1687141858427,Should You Invest In Bitcoin Right Now?,bullish
1687167338621,Dogecoin and other meme cryptos surge as bitcoin breaks out above $30000,bullish
1687172647585,US home prices are poised to tumble - while bitcoin may surge to $50 000 by December crypto investor says,bullish
1687174329298,Bitcoin Briefly Pushes Above $31K After Fidelity Spot ETF Filing,bullish
1687174369715,Bitcoin Hits a Six-Week High as Financial Titans Step Up Crypto Initiatives,bullish
1687175151549,Bitcoin rises 5.1% at $28211 - Reuters.com,bullish
1687178079029,Coinbase surges after Cboe names crypto exchange in bitcoin ETF ... - Reuters,bullish
1687179098598,Fake ‘Trezor Wallet’ Bitcoin app reaches the top of iOS App Store search results, unknown
1687185174239,Crypto: Bitcoin to reach $50000 by year-end but top $100000 by end of 2024 says Standard Chartered strategist,bullish
1687186110694,: Why some crypto stocks surged up to 400% this year outperforming bitcoin,bullish
1687188097280,Brad from ‘Home Improvement’ Built a Bitcoin Empire and Then Burned It All Down,bullish
1687188273848,5 Ways to Track Down Lost Bitcoin and Other Cryptos,bullish
1687189471406,A bankruptcy judge rules that Celsius can sell or convert any non-BTC and non-ETH crypto tokens to Bitcoin or Ethereum starting July 1 (Jack Schickler/CoinDesk),bullish
1687189936990,Microsoft uses Bitcoin as part of MSVC validation test suite, bullish
1687190257478,Can Bitcoin Reach $5 Million?,bullish
1687192797184,SEC says spot bitcoin ETF filings are inadequate - WSJ - Reuters.com,unknown
1687197712251,BlackRock has refiled its spot bitcoin ETF application with SEC through Nasdaq and listed Coinbase as market surveillance provider to address SEC's objections (Bloomberg),bullish
1687197985249,Fake ‘Trezor Wallet’ Bitcoin app reaches the top of iOS App Store search results, unknown
1687203173289,BlackRock wants to launch a bitcoin ETF. Why now?,bullish
1687207271704,BlackRock wants to launch a bitcoin ETF. Why now?,bullish
1687212105264,Bitcoin dips after the SEC reportedly says recent ETF applications from BlackRock and Fidelity are inadequate,bearish
1687215729771,Bitcoin Briefly Pushes Above $31K After Fidelity Spot ETF Filing,bullish
1687221758430,5 Ways to Track Down Lost Bitcoin and Other Cryptos,bullish
1687222494486,Fake ‘Trezor Wallet’ Bitcoin app reaches the top of iOS App Store search results, unknown
1687223898713,Filing: Fidelity refiles for a spot bitcoin ETF with the US SEC following similar applications from BlackRock Invesco WisdomTree Valkyrie and others (Bloomberg),bullish
1687226830357,Bitcoin held by illiquid entities is at an all-time high as demand for the token climbs bullish
1687227125162,BlackRock wants to launch a bitcoin ETF. Why now?,bullish
1687234111534,Sources: SEC told Nasdaq and Cboe that their applications to launch spot bitcoin ETFs on behalf of BlackRock and others aren't clear and comprehensive enough (Vicky Ge Huang/Wall Street Journal),unknown
1687261597343,Filing: Fidelity refiles for a spot bitcoin ETF with the US SEC following similar applications from BlackRock Invesco WisdomTree Valkyrie and others (Bloomberg),bullish
1687267737700,Bitcoin held by illiquid entities is at an all-time high as demand for the token climbs bullish
1687272359434,Can Bitcoin Reach $5 Million?,bullish
1687274015651,Analysis: Fever over BlackRock's bitcoin fund faces chill of rate hikes ... - Reuters.com,bullish
1687281469659,Brad from ‘Home Improvement’ Built a Bitcoin Empire and Then Burned It All Down,bullish
1687282770992,Bitcoin dips after the SEC reportedly says recent ETF applications from BlackRock and Fidelity are inadequate,bearish
1687287067055,Filing: Fidelity refiles for a spot bitcoin ETF with the US SEC following similar applications from BlackRock Invesco WisdomTree Valkyrie and others (Bloomberg),bullish
1687293418005,Sources: SEC told Nasdaq and Cboe that their applications to launch spot bitcoin ETFs on behalf of BlackRock and others aren't clear and comprehensive enough (Vicky Ge Huang/Wall Street Journal),unknown
1687295050635,Fake ‘Trezor Wallet’ Bitcoin app reaches the top of iOS App Store search results, unknown
1687298149544,Coinbase surges after Cboe names crypto exchange in bitcoin ETF ... - Reuters,bullish
1687300702507,: Why some crypto stocks surged up to 400% this year outperforming bitcoin,bullish
1687321286804,Thinking About Buying Dogecoin? Buy Bitcoin Instead,bullish
1687321435113,Michael Saylor touts a new massive bitcoin haul as MicroStrategy now 'hodls' $4.6 billion worth of tokens, bullish
1687333442557,BlackRock wants to launch a bitcoin ETF. Why now?,bullish
1687335155645,Brad from ‘Home Improvement’ Built a Bitcoin Empire and Then Burned It All Down,bullish
1687342392130,Bitcoin eyes third straight day of gains after touching two-month high - Reuters,bullish
1687345660209,From viruses to Bitcoin Carlos Miranda’s playful animations are a sign of the times,bullish
1687348282910,Decentralized Twitter rival Damus will be removed from the App Store over Bitcoin tipping,bullish
1687349194856,Bitcoin rises 5.1% at $28211 - Reuters.com,bullish
1687353034071,Michael Saylor touts a new massive bitcoin haul as MicroStrategy now 'hodls' $4.6 billion worth of tokens, bullish
1687354039841,Bitcoin held by illiquid entities is at an all-time high as demand for the token climbs bullish
1687362114548,Can Bitcoin Reach $5 Million?,bullish
1687364760484,Bitcoin stages a comeback rallying 25% since BlackRock filed for its crypto fund,bullish
1687382687162,Analysis: Fever over BlackRock's bitcoin fund faces chill of rate hikes ... - Reuters.com,bullish
1687384094368,The US SEC acknowledges BlackRock's and Bitwise's spot bitcoin ETF applications indicating the commencement of the official review process for the proposals (Amaka Nwaokocha/Cointelegraph),bullish
1687384912807,Fidelity preparing to submit spot bitcoin ETF filing - The Block - Reuters.com,bullish
1687385805316,BlackRock has refiled its spot bitcoin ETF application with SEC through Nasdaq and listed Coinbase as market surveillance provider to address SEC's objections (Bloomberg),bullish
1687386730172,Bitcoin rises 5.1% at $28211 - Reuters.com,bullish
1687388849050,Crypto Update: Bitcoin tops $30000 for first time since April. Here’s why it’s shaking off a regulatory crackdown.,bullish
1687396905620,Dogecoin and other meme cryptos surge as bitcoin breaks out above $30000,bullish
1687397830830,Sources: SEC told Nasdaq and Cboe that their applications to launch spot bitcoin ETFs on behalf of BlackRock and others aren't clear and comprehensive enough (Vicky Ge Huang/Wall Street Journal),unknown
1687399024156,Can banks push Bitcoin to clean up its act?,bullish
1687404121006,Fake ‘Trezor Wallet’ Bitcoin app reaches the top of iOS App Store search results, unknown
1687407099201,BlackRock wants to launch a bitcoin ETF. Why now?,bullish
1687415114643,Crypto: Bitcoin to reach $50000 by year-end but top $100000 by end of 2024 says Standard Chartered strategist,bullish
1687416893872,Crypto: Bitcoin to reach $50000 by year-end but top $100000 by end of 2024 says Standard Chartered strategist,bullish
1687417431899,Bitcoin could surge 300% to $120000 next year as miners reduce token sales Standard Chartered says,bullish
1687417600381,Thinking About Buying Dogecoin? Buy Bitcoin Instead,bullish
1687418334769,Analysis: Fever over BlackRock's bitcoin fund faces chill of rate hikes ... - Reuters.com,bullish
1687418862339,Crypto Update: Bitcoin tops $30000 for first time since April. Here’s why it’s shaking off a regulatory crackdown.,bullish
1687419850840,Filing: Fidelity refiles for a spot bitcoin ETF with the US SEC following similar applications from BlackRock Invesco WisdomTree Valkyrie and others (Bloomberg),bullish
1687421099808,Bitcoin stages a comeback rallying 25% since BlackRock filed for its crypto fund,bullish
1687422486496,'Battle-tested' bitcoin could reach $200000 as top Wall Street names jump in Fundstrat's Tom Lee says, bullish
1687423001704,US home prices are poised to tumble - while bitcoin may surge to $50 000 by December crypto investor says,bullish
1687425646192,Analysis: Fever over BlackRock's bitcoin fund faces chill of rate hikes ... - Reuters.com,bullish
1687426502722,A bankruptcy judge rules that Celsius can sell or convert any non-BTC and non-ETH crypto tokens to Bitcoin or Ethereum starting July 1 (Jack Schickler/CoinDesk),bullish
1687429788463,Michael Saylor touts a new massive bitcoin haul as MicroStrategy now 'hodls' $4.6 billion worth of tokens, bullish
1687435422425,Filing: Fidelity refiles for a spot bitcoin ETF with the US SEC following similar applications from BlackRock Invesco WisdomTree Valkyrie and others (Bloomberg),bullish
1687436409881,SEC says spot bitcoin ETF filings are inadequate - WSJ - Reuters.com,unknown
1687439541529,Bitcoin dips after the SEC reportedly says recent ETF applications from BlackRock and Fidelity are inadequate,bearish
1687446719182,The US SEC acknowledges BlackRock's and Bitwise's spot bitcoin ETF applications indicating the commencement of the official review process for the proposals (Amaka Nwaokocha/Cointelegraph),bullish
1687447161875,A bankruptcy judge rules that Celsius can sell or convert any non-BTC and non-ETH crypto tokens to Bitcoin or Ethereum starting July 1 (Jack Schickler/CoinDesk),bullish
1687448921954,Crypto Update: Bitcoin tops $30000 for first time since April. Here’s why it’s shaking off a regulatory crackdown.,bullish
1687455143444,Bitcoin stages a comeback rallying 25% since BlackRock filed for its crypto fund,bullish
1687455753384,Sources: SEC told Nasdaq and Cboe that their applications to launch spot bitcoin ETFs on behalf of BlackRock and others aren't clear and comprehensive enough (Vicky Ge Huang/Wall Street Journal),unknown
1687458304964,SEC says spot bitcoin ETF filings are inadequate - WSJ - Reuters.com,unknown
1687461090065,Dogecoin and other meme cryptos surge as bitcoin breaks out above $30000,bullish
1687462216400,Fidelity Invesco VanEck and WisdomTree refile for a spot bitcoin ETF with Coinbase as market surveillance provider to answer the US SEC's objections (Bloomberg),bullish
1687463801453,Bitcoin rises 5.1% at $28211 - Reuters.com,bullish
1687472527444,Bitcoin stages a comeback rallying 25% since BlackRock filed for its crypto fund,bullish
1687472803576,Fake ‘Trezor Wallet’ Bitcoin app reaches the top of iOS App Store search results, unknown
1687474295359,Can Bitcoin Reach $5 Million?,bullish
1687477955557,Should You Invest In Bitcoin Right Now?,bullish
1687484110200,Bitcoin eyes third straight day of gains after touching two-month high - Reuters,bullish
1687484305168,Fidelity Invesco VanEck and WisdomTree refile for a spot bitcoin ETF with Coinbase as market surveillance provider to answer the US SEC's objections (Bloomberg),bullish
1687486382775,Crypto Update: Bitcoin tops $30000 for first time since April. Here’s why it’s shaking off a regulatory crackdown.,bullish
1687491006856,Can Bitcoin Reach $5 Million?,bullish
1687496088450,Decentralized Twitter rival Damus will be removed from the App Store over Bitcoin tipping,bullish
1687499493916,A bankruptcy judge rules that Celsius can sell or convert any non-BTC and non-ETH crypto tokens to Bitcoin or Ethereum starting July 1 (Jack Schickler/CoinDesk),bullish
1687499986251,Can Bitcoin Reach $5 Million?,bullish
1687500795115,Bitcoin could surge 300% to $120000 next year as miners reduce token sales Standard Chartered says,bullish
1687503737090,Analysis: Fever over BlackRock's bitcoin fund faces chill of rate hikes ... - Reuters.com,bullish
1687508241938,Bitcoin eyes third straight day of gains after touching two-month high - Reuters,bullish
1687511325844,Bitcoin eyes third straight day of gains after touching two-month high - Reuters,bullish
1687519551381,Bitcoin Briefly Pushes Above $31K After Fidelity Spot ETF Filing,bullish
1687521424979,Decentralized Twitter rival Damus will be removed from the App Store over Bitcoin tipping,bullish
1687521908945,Fidelity preparing to submit spot bitcoin ETF filing - The Block - Reuters.com,bullish
1687526032751,The US SEC acknowledges BlackRock's and Bitwise's spot bitcoin ETF applications indicating the commencement of the official review process for the proposals (Amaka Nwaokocha/Cointelegraph),bullish
1687526438955,Bitcoin eyes third straight day of gains after touching two-month high - Reuters,bullish
1687528051168,Coinbase surges after Cboe names crypto exchange in bitcoin ETF ... - Reuters,bullish
1687529357237,Why Bitcoin Bitcoin Cash and Bit Digital Are Rising Today,bullish
1687538706309,Bitcoin held by illiquid entities is at an all-time high as demand for the token climbs bullish
1687538962453,Brad from ‘Home Improvement’ Built a Bitcoin Empire and Then Burned It All Down,bullish
1687544120153,5 Ways to Track Down Lost Bitcoin and Other Cryptos,bullish
1687547531617,Why Bitcoin Bitcoin Cash and Bit Digital Are Rising Today,bullish
1687551065055,Microsoft uses Bitcoin as part of MSVC validation test suite, bullish
1687552368577,Bitcoin rises 5.1% at $28211 - Reuters.com,bullish
1687554090127,BlackRock wants to launch a bitcoin ETF. Why now?,bullish
1687556972550,Can banks push Bitcoin to clean up its act?,bullish
1687562855332,SEC says spot bitcoin ETF filings are inadequate - WSJ - Reuters.com,unknown
1687564081046,Decentralized Twitter rival Damus will be removed from the App Store over Bitcoin tipping,bullish
1687569540117,Brad from ‘Home Improvement’ Built a Bitcoin Empire and Then Burned It All Down,bullish
1687574748332,The US SEC acknowledges BlackRock's and Bitwise's spot bitcoin ETF applications indicating the commencement of the official review process for the proposals (Amaka Nwaokocha/Cointelegraph),bullish
1687581586065,BlackRock wants to launch a bitcoin ETF. Why now?,bullish
1687583516293,Microsoft uses Bitcoin as part of MSVC validation test suite, bullish
1687588143850,Bitcoin eyes third straight day of gains after touching two-month high - Reuters,bullish
1687588631720,Filing: Fidelity refiles for a spot bitcoin ETF with the US SEC following similar applications from BlackRock Invesco WisdomTree Valkyrie and others (Bloomberg),bullish
1687595719021,Dogecoin and other meme cryptos surge as bitcoin breaks out above $30000,bullish
1687596239591,Bitcoin held by illiquid entities is at an all-time high as demand for the token climbs bullish
1687600468046,SEC says spot bitcoin ETF filings are inadequate - WSJ - Reuters.com,unknown
1687603908812,: Coinbase stock explodes higher as enthusiasm builds for spot bitcoin ETFs, bullish
1687612423747,Bitcoin held by illiquid entities is at an all-time high as demand for the token climbs bullish
1687614962248,Fake ‘Trezor Wallet’ Bitcoin app reaches the top of iOS App Store search results, unknown
1687619891303,Microsoft uses Bitcoin as part of MSVC validation test suite, bullish
1687631195625,BlackRock has refiled its spot bitcoin ETF application with SEC through Nasdaq and listed Coinbase as market surveillance provider to address SEC's objections (Bloomberg),bullish
1687635800839,: Coinbase stock explodes higher as enthusiasm builds for spot bitcoin ETFs, bullish
1687636761485,Breaking News: HSBC Hong Kong Embraces Crypto with Bitcoin and Ether ETF Trading, bullish
1687639449726,From viruses to Bitcoin Carlos Miranda’s playful animations are a sign of the times,bullish
1687639986883,5 Ways to Track Down Lost Bitcoin and Other Cryptos,bullish
1687640140136,Fidelity preparing to submit spot bitcoin ETF filing - The Block - Reuters.com,bullish
1687644380304,BlackRock has refiled its spot bitcoin ETF application with SEC through Nasdaq and listed Coinbase as market surveillance provider to address SEC's objections (Bloomberg),bullish
1687649571405,'Battle-tested' bitcoin could reach $200000 as top Wall Street names jump in Fundstrat's Tom Lee says, bullish
1687650419348,Fidelity Invesco VanEck and WisdomTree refile for a spot bitcoin ETF with Coinbase as market surveillance provider to answer the US SEC's objections (Bloomberg),bullish
1687650967871,SEC says spot bitcoin ETF filings are inadequate - WSJ - Reuters.com,unknown
1687655775266,Michael Saylor touts a new massive bitcoin haul as MicroStrategy now 'hodls' $4.6 billion worth of tokens, bullish
1687657313383,Bitcoin could surge 300% to $120000 next year as miners reduce token sales Standard Chartered says,bullish
1687658564134,Fidelity Invesco VanEck and WisdomTree refile for a spot bitcoin ETF with Coinbase as market surveillance provider to answer the US SEC's objections (Bloomberg),bullish
1687660316892,Sources: SEC told Nasdaq and Cboe that their applications to launch spot bitcoin ETFs on behalf of BlackRock and others aren't clear and comprehensive enough (Vicky Ge Huang/Wall Street Journal),unknown
1687661388089,Bitcoin could surge 300% to $120000 next year as miners reduce token sales Standard Chartered says,bullish
1687663175217,Coinbase surges after Cboe names crypto exchange in bitcoin ETF ... - Reuters,bullish
1687664662652,Analysis: Fever over BlackRock's bitcoin fund faces chill of rate hikes ... - Reuters.com,bullish
1687664848522,Sources: SEC told Nasdaq and Cboe that their applications to launch spot bitcoin ETFs on behalf of BlackRock and others aren't clear and comprehensive enough (Vicky Ge Huang/Wall Street Journal),unknown
1687668284799,Should You Invest In Bitcoin Right Now?,bullish
1687672706239,Fidelity Invesco VanEck and WisdomTree refile for a spot bitcoin ETF with Coinbase as market surveillance provider to answer the US SEC's objections (Bloomberg),bullish
1687677733395,Breaking News: HSBC Hong Kong Embraces Crypto with Bitcoin and Ether ETF Trading, bullish
1687678216675,BlackRock wants to launch a bitcoin ETF. Why now?,bullish
1687680140180,SEC says spot bitcoin ETF filings are inadequate - WSJ - Reuters.com,unknown
1687681083598,Why Bitcoin Bitcoin Cash and Bit Digital Are Rising Today,bullish
1687685092825,Coinbase surges after Cboe names crypto exchange in bitcoin ETF ... - Reuters,bullish
1687685462097,BlackRock has refiled its spot bitcoin ETF application with SEC through Nasdaq and listed Coinbase as market surveillance provider to address SEC's objections (Bloomberg),bullish
1687685886762,Analysis: Fever over BlackRock's bitcoin fund faces chill of rate hikes ... - Reuters.com,bullish
1687686892574,Brad from ‘Home Improvement’ Built a Bitcoin Empire and Then Burned It All Down,bullish
1687687346557,Brad from ‘Home Improvement’ Built a Bitcoin Empire and Then Burned It All Down,bullish
1687687827763,Crypto: Spot bitcoin ETFs won’t be derailed as SEC reportedly details concerns crypto insiders say,bullish
1687688813214,Fake ‘Trezor Wallet’ Bitcoin app reaches the top of iOS App Store search results, unknown
1687692541093,BlackRock wants to launch a bitcoin ETF. Why now?,bullish
1687695075485,Bitcoin eyes third straight day of gains after touching two-month high - Reuters,bullish
1687701723375,BlackRock wants to launch a bitcoin ETF. Why now?,bullish
1687709124289,Decentralized Twitter rival Damus will be removed from the App Store over Bitcoin tipping,bullish
1687709439460,Sources: SEC told Nasdaq and Cboe that their applications to launch spot bitcoin ETFs on behalf of BlackRock and others aren't clear and comprehensive enough (Vicky Ge Huang/Wall Street Journal),unknown
1687711395746,Microsoft uses Bitcoin as part of MSVC validation test suite, bullish
1687725175037,Crypto Update: Bitcoin tops $30000 for first time since April. Here’s why it’s shaking off a regulatory crackdown.,bullish
1687727676973,BlackRock wants to launch a bitcoin ETF. Why now?,bullish
1687732409723,Bitcoin could surge 300% to $120000 next year as miners reduce token sales Standard Chartered says,bullish
1687732792770,Crypto: Bitcoin to reach $50000 by year-end but top $100000 by end of 2024 says Standard Chartered strategist,bullish
1687736126607,Fidelity Invesco VanEck and WisdomTree refile for a spot bitcoin ETF with Coinbase as market surveillance provider to answer the US SEC's objections (Bloomberg),bullish
1687736173836,Microsoft uses Bitcoin as part of MSVC validation test suite, bullish
1687736285089,Sources: SEC told Nasdaq and Cboe that their applications to launch spot bitcoin ETFs on behalf of BlackRock and others aren't clear and comprehensive enough (Vicky Ge Huang/Wall Street Journal),unknown
1687738358402,Breaking News: HSBC Hong Kong Embraces Crypto with Bitcoin and Ether ETF Trading, bullish
1687749537516,Bitcoin stages a comeback rallying 25% since BlackRock filed for its crypto fund,bullish
1687749893218,From viruses to Bitcoin Carlos Miranda’s playful animations are a sign of the times,bullish
1687751709448,Analysis: Fever over BlackRock's bitcoin fund faces chill of rate hikes ... - Reuters.com,bullish
1687768311916,Bitcoin Briefly Pushes Above $31K After Fidelity Spot ETF Filing,bullish
1687772228060,Crypto Update: Bitcoin tops $30000 for first time since April. Here’s why it’s shaking off a regulatory crackdown.,bullish
1687772237012,Can Bitcoin Reach $5 Million?,bullish
1687775118075,: Coinbase stock explodes higher as enthusiasm builds for spot bitcoin ETFs, bullish
1687777989308,Crypto Update: Bitcoin tops $30000 for first time since April. Here’s why it’s shaking off a regulatory crackdown.,bullish
1687780294198,Fidelity Invesco VanEck and WisdomTree refile for a spot bitcoin ETF with Coinbase as market surveillance provider to answer the US SEC's objections (Bloomberg),bullish
1687791427388,Fidelity preparing to submit spot bitcoin ETF filing - The Block - Reuters.com,bullish
1687792838329,Decentralized Twitter rival Damus will be removed from the App Store over Bitcoin tipping,bullish
1687799864364,Bitcoin held by illiquid entities is at an all-time high as demand for the token climbs bullish
1687804611525,Fake ‘Trezor Wallet’ Bitcoin app reaches the top of iOS App Store search results, unknown
1687815402183,Bitcoin eyes third straight day of gains after touching two-month high - Reuters,bullish
1687818344862,Crypto: Bitcoin to reach $50000 by year-end but top $100000 by end of 2024 says Standard Chartered strategist,bullish
1687822865271,Michael Saylor touts a new massive bitcoin haul as MicroStrategy now 'hodls' $4.6 billion worth of tokens, bullish
1687827314626,'Battle-tested' bitcoin could reach $200000 as top Wall Street names jump in Fundstrat's Tom Lee says, bullish
1687829013400,Dogecoin and other meme cryptos surge as bitcoin breaks out above $30000,bullish
1687830744650,US home prices are poised to tumble - while bitcoin may surge to $50 000 by December crypto investor says,bullish
1687831882338,'Battle-tested' bitcoin could reach $200000 as top Wall Street names jump in Fundstrat's Tom Lee says, bullish
1687832332091,Bitcoin dips after the SEC reportedly says recent ETF applications from BlackRock and Fidelity are inadequate,bearish
1687836691453,Microsoft uses Bitcoin as part of MSVC validation test suite, bullish
1687846086722,Michael Saylor touts a new massive bitcoin haul as MicroStrategy now 'hodls' $4.6 billion worth of tokens, bullish
1687846710699,Bitcoin Hits a Six-Week High as Financial Titans Step Up Crypto Initiatives,bullish
1687854460119,Bitcoin eyes third straight day of gains after touching two-month high - Reuters,bullish
1687855670005,Can banks push Bitcoin to clean up its act?,bullish
1687857066218,Bitcoin rises 5.1% at $28211 - Reuters.com,bullish
1687861459650,Fidelity Invesco VanEck and WisdomTree refile for a spot bitcoin ETF with Coinbase as market surveillance provider to answer the US SEC's objections (Bloomberg),bullish
1687862548626,Crypto: Spot bitcoin ETFs won’t be derailed as SEC reportedly details concerns crypto insiders say,bullish
1687871044543,Should You Invest In Bitcoin Right Now?,bullish
1687879975633,Michael Saylor touts a new massive bitcoin haul as MicroStrategy now 'hodls' $4.6 billion worth of tokens, bullish
1687883967796,Fidelity preparing to submit spot bitcoin ETF filing - The Block - Reuters.com,bullish
1687894307405,Fake ‘Trezor Wallet’ Bitcoin app reaches the top of iOS App Store search results, unknown
1687899777367,BlackRock has refiled its spot bitcoin ETF application with SEC through Nasdaq and listed Coinbase as market surveillance provider to address SEC's objections (Bloomberg),bullish
1687905112377,BlackRock wants to launch a bitcoin ETF. Why now?,bullish
1687918091639,Bitcoin Briefly Pushes Above $31K After Fidelity Spot ETF Filing,bullish
1687920562968,Analysis: Fever over BlackRock's bitcoin fund faces chill of rate hikes ... - Reuters.com,bullish
1687920644546,: Why some crypto stocks surged up to 400% this year outperforming bitcoin,bullish
1687922507161,Bitcoin rises 5.1% at $28211 - Reuters.com,bullish
1687923291973,Fidelity Invesco VanEck and WisdomTree refile for a spot bitcoin ETF with Coinbase as market surveillance provider to answer the US SEC's objections (Bloomberg),bullish
1687930716557,: Coinbase stock explodes higher as enthusiasm builds for spot bitcoin ETFs, bullish
1687931901778,Brad from ‘Home Improvement’ Built a Bitcoin Empire and Then Burned It All Down,bullish
1687935760172,In One Chart: Bitcoin finally decoupled from U.S. stocks. Here’s why it matters, bullish
1687943203679,: Why some crypto stocks surged up to 400% this year outperforming bitcoin,bullish
1687943638512,From viruses to Bitcoin Carlos Miranda’s playful animations are a sign of the times,bullish
1687945838146,Fake ‘Trezor Wallet’ Bitcoin app reaches the top of iOS App Store search results, unknown
1687952222634,5 Ways to Track Down Lost Bitcoin and Other Cryptos,bullish
1687955336806,Michael Saylor touts a new massive bitcoin haul as MicroStrategy now 'hodls' $4.6 billion worth of tokens, bullish
1687957968165,Why Bitcoin Bitcoin Cash and Bit Digital Are Rising Today,bullish
1687960981997,SEC says spot bitcoin ETF filings are inadequate - WSJ - Reuters.com,unknown
1687964512901,Why Bitcoin Bitcoin Cash and Bit Digital Are Rising Today,bullish
1687967100958,Crypto Update: Bitcoin tops $30000 for first time since April. Here’s why it’s shaking off a regulatory crackdown.,bullish
1687978922471,Analysis: Partnering with Coinbase could hinder bid for bitcoin ETF approval - Reuters,unknown
1687979019187,: Why some crypto stocks surged up to 400% this year outperforming bitcoin,bullish
1687981897065,5 Ways to Track Down Lost Bitcoin and Other Cryptos,bullish
1687985839366,: Why some crypto stocks surged up to 400% this year outperforming bitcoin,bullish
1687987003070,Sources: SEC told Nasdaq and Cboe that their applications to launch spot bitcoin ETFs on behalf of BlackRock and others aren't clear and comprehensive enough (Vicky Ge Huang/Wall Street Journal),unknown
1687996823902,: Coinbase stock explodes higher as enthusiasm builds for spot bitcoin ETFs, bullish
1687999481158,Should You Invest In Bitcoin Right Now?,bullish
1688000363634,Analysis: Partnering with Coinbase could hinder bid for bitcoin ETF approval - Reuters,unknown
1688003275230,BlackRock wants to launch a bitcoin ETF. Why now?,bullish
1688004180430,Bitcoin eyes third straight day of gains after touching two-month high - Reuters,bullish
1688009009151,Should You Invest In Bitcoin Right Now?,bullish
1688009537905,BlackRock has refiled its spot bitcoin ETF application with SEC through Nasdaq and listed Coinbase as market surveillance provider to address SEC's objections (Bloomberg),bullish
1688010995045,Bitcoin Hits a Six-Week High as Financial Titans Step Up Crypto Initiatives,bullish
1688011723524,BlackRock applied to launch a bitcoin fund. Then came the conspiracy theories.,bullish
1688012002468,Crypto: Spot bitcoin ETFs won’t be derailed as SEC reportedly details concerns crypto insiders say,bullish
1688012317252,Breaking News: HSBC Hong Kong Embraces Crypto with Bitcoin and Ether ETF Trading, bullish
1688020228022,Michael Saylor touts a new massive bitcoin haul as MicroStrategy now 'hodls' $4.6 billion worth of tokens, bullish
1688032470952,Michael Saylor touts a new massive bitcoin haul as MicroStrategy now 'hodls' $4.6 billion worth of tokens, bullish
1688034513070,The US SEC acknowledges BlackRock's and Bitwise's spot bitcoin ETF applications indicating the commencement of the official review process for the proposals (Amaka Nwaokocha/Cointelegraph),bullish
1688039008251,Bitcoin eyes third straight day of gains after touching two-month high - Reuters,bullish
1688039905403,The US SEC acknowledges BlackRock's and Bitwise's spot bitcoin ETF applications indicating the commencement of the official review process for the proposals (Amaka Nwaokocha/Cointelegraph),bullish
1688047434501,Bitcoin dips after the SEC reportedly says recent ETF applications from BlackRock and Fidelity are inadequate,bearish
1688051608477,Filing: Fidelity refiles for a spot bitcoin ETF with the US SEC following similar applications from BlackRock Invesco WisdomTree Valkyrie and others (Bloomberg),bullish
1688051823603,US home prices are poised to tumble - while bitcoin may surge to $50 000 by December crypto investor says,bullish
1688054642375,Coinbase surges after Cboe names crypto exchange in bitcoin ETF ... - Reuters,bullish
1688057853363,Dogecoin and other meme cryptos surge as bitcoin breaks out above $30000,bullish
1688059788082,Bitcoin Briefly Pushes Above $31K After Fidelity Spot ETF Filing,bullish
1688060961837,Bitcoin rises 5.1% at $28211 - Reuters.com,bullish
1688063404382,'Battle-tested' bitcoin could reach $200000 as top Wall Street names jump in Fundstrat's Tom Lee says, bullish
1688065138331,A bankruptcy judge rules that Celsius can sell or convert any non-BTC and non-ETH crypto tokens to Bitcoin or Ethereum starting July 1 (Jack Schickler/CoinDesk),bullish
1688067657617,Fidelity Invesco VanEck and WisdomTree refile for a spot bitcoin ETF with Coinbase as market surveillance provider to answer the US SEC's objections (Bloomberg),bullish
1688071477089,Sources: SEC told Nasdaq and Cboe that their applications to launch spot bitcoin ETFs on behalf of BlackRock and others aren't clear and comprehensive enough (Vicky Ge Huang/Wall Street Journal),unknown
1688072835006,Thinking About Buying Dogecoin? Buy Bitcoin Instead,bullish
1688075971913,From viruses to Bitcoin Carlos Miranda’s playful animations are a sign of the times,bullish
1688076860892,Decentralized Twitter rival Damus will be removed from the App Store over Bitcoin tipping,bullish
1688082465231,Coinbase surges after Cboe names crypto exchange in bitcoin ETF ... - Reuters,bullish
1688094767883,Fidelity preparing to submit spot bitcoin ETF filing - The Block - Reuters.com,bullish
1688094935235,Should You Invest In Bitcoin Right Now?,bullish
1688102939211,Why Bitcoin Bitcoin Cash and Bit Digital Are Rising Today,bullish
1688103176256,BlackRock has refiled its spot bitcoin ETF application with SEC through Nasdaq and listed Coinbase as market surveillance provider to address SEC's objections (Bloomberg),bullish
1688115286396,Fidelity preparing to submit spot bitcoin ETF filing - The Block - Reuters.com,bullish
1688126288676,In One Chart: Bitcoin finally decoupled from U.S. stocks. Here’s why it matters, bullish
1688127552253,Fake ‘Trezor Wallet’ Bitcoin app reaches the top of iOS App Store search results, unknown
1688132586257,The US SEC acknowledges BlackRock's and Bitwise's spot bitcoin ETF applications indicating the commencement of the official review process for the proposals (Amaka Nwaokocha/Cointelegraph),bullish